{"accuracy": [0.6096256732940674, 0.780614972114563, 0.8320855617523193, 0.8501336932182312, 0.8828876972198486, 0.90187166929245, 0.9192513465881348, 0.935026752948761, 0.9546791434288024], "val_accuracy": [0.7764706015586853, 0.8058823466300964, 0.8058823585510254, 0.8117646932601928, 0.8235294103622437, 0.82941175699234, 0.8411764621734619, 0.8352941155433655, 0.8647058725357055], "loss": [0.6734761238098145, 0.4647910356521606, 0.3782522201538086, 0.3394572019577026, 0.2796169102191925, 0.23673346042633056, 0.19730833768844605, 0.16395163536071777, 0.11859829872846603], "val_loss": [0.5204071223735809, 0.44279295206069946, 0.4802119553089142, 0.4043316960334778, 0.4278079479932785, 0.42977496683597566, 0.4643286824226379, 0.4832347989082336, 0.4711650922894478]}