{"accuracy": [0.7867403030395508, 0.9237568974494934, 0.9464088678359985, 0.9707182049751282, 0.9834254384040833, 0.990607738494873, 0.9977900385856628, 0.9944751262664795, 0.9977900385856628, 0.9933701753616333, 0.9994475245475769, 1.0, 0.9994475245475769, 0.9988950490951538, 0.9464088678359985, 0.990607738494873, 0.9922651648521423, 0.9961326122283936, 0.9850828647613525, 1.0, 1.0, 1.0, 1.0, 1.0, 1.0], "val_accuracy": [0.947236180305481, 0.9824120402336121, 0.9648241400718689, 0.9723618030548096, 0.9899497628211975, 0.9974874258041382, 0.9949748516082764, 0.9949748516082764, 1.0, 0.9974874258041382, 0.9949748516082764, 0.9949748516082764, 0.9949748516082764, 0.9949748516082764, 0.9899497628211975, 0.9974874258041382, 1.0, 0.9396985173225403, 0.9974874258041382, 1.0, 1.0, 1.0, 1.0, 0.9974874258041382, 0.9974874258041382], "loss": [0.47231388092041016, 0.17312636971473694, 0.12852732837200165, 0.08373351395130157, 0.046929601579904556, 0.028036780655384064, 0.01912536844611168, 0.017839711159467697, 0.010937543585896492, 0.018843065947294235, 0.007422329392284155, 0.00515160383656621, 0.004906471353024244, 0.004337473306804895, 0.19240759313106537, 0.0272433552891016, 0.026516692712903023, 0.010734924115240574, 0.041324369609355927, 0.0004921976942569017, 0.00015930757217574865, 0.00011272879055468366, 4.2434978240635246e-05, 3.426344846957363e-05, 6.322730041574687e-05], "val_loss": [0.16758044064044952, 0.07131726294755936, 0.07257970422506332, 0.07463458925485611, 0.030286507681012154, 0.01205228827893734, 0.009861641563475132, 0.014614878222346306, 0.005386182572692633, 0.007656410336494446, 0.013637656345963478, 0.008930589072406292, 0.013842128217220306, 0.008390558883547783, 0.028743963688611984, 0.0071431915275752544, 0.0015876414254307747, 0.11534657329320908, 0.005905285477638245, 0.0006664512911811471, 0.0012894166866317391, 0.0007754695834591985, 0.0018089408986270428, 0.005467120558023453, 0.003174407407641411]}